Amount_segment,Avg_per_segment
+50000,1443.0915580382184
0-5000,1977.1463092105482
"15001 - 30000",1807.2562065265952
"30000 - 50000",1568.3902240355605
"5001 - 15000",1990.9620254604881
