MOTIVE,Number_of_cards,Avg_per_card
DIGITAL,1246,1912.1227694201018
PLASTIC,2777,1872.6587017990432
